订阅链接,节点数量
https://2.342242.icu/api/v1/client/subscribe?token=14c8842965166dec33ec3393221939cf,39
https://2.342242.icu/api/v1/client/subscribe?token=6a6f8bffd6c8344bf4fcafc2c1c9046b,39
https://2.342242.icu/api/v1/client/subscribe?token=8def31340a7836f1eeb1dbc156cadced,39
https://2.342242.icu/api/v1/client/subscribe?token=9008a6331ea1e0f561431f7835f3fa22,39
https://2.342242.icu/api/v1/client/subscribe?token=e9fa24284c2e31f585cfe1d489389d80,39
https://2.342242.icu/api/v1/client/subscribe?token=ea073a9e48a776948f4cc418e1cecce3,39
https://2.342242.icu/api/v1/client/subscribe?token=fdeba462f4d949718e7137dc6e6d78e8,39
https://2.juanwangjc.top/juanwang/dingyue1/sub1/babiq?token=1f8229ae3e898b61e0c2ad999baf0858,34
https://2.juanwangjc.top/juanwang/dingyue1/sub1/babiq?token=1f8229ae3e898b61e0c2ad999baf0858&amp;flag=sing,34
https://6f243398.neworld.digital/link/re8lWPtcdeuitFjiiM6qU5k0DSacEJQxV5bJ2ZSkafXE8SAikcXAwPo?sub=3,152
https://781.jiasu.asia/s/3c0305265213da8973bb0580bb42d6bc,6
https://781.jiasu.asia/s/6331b4302131810a9ba7bf77d5ae8f61,6
https://781.jiasu.asia/s/7102f85184091c283fe3fd574a67c14f,6
https://781.jiasu.asia/s/a8fefb5f11adad5e50a2db6a80a7e733,6
https://781.jiasu.asia/s/e4870ad33774a321a0987afb34388a1f,6
https://781.jiasu.asia/s/f1352098f4781df3268487e1aa55e8a9,6
https://781.jiasu.asia/s/f15f79211417a13da9c412bedf43d9ca,6
https://83232441.xyz/sub/425d71f6-5c81-4ccc-829d-ab278118b170,5
https://ab.551221.xyz/s/3b1223c7486d42b0b314e042da634882,60
https://api-jx.02000.top/jx?token=e8a468043efec29e84c7e94987db4acf,91
https://api.kuke-sub.com/s/eca8cd2495356f044961e82b7411aba7,16
https://api.valconfig.com/sub/?access_key=2e7ecfe5bc1d8a0bbc4366b3d699829e,50
https://apit.yun7g.top/s/d634eb177babfa68e780c730bb66ac0f,27
https://app.nextvpn.xyz/api/sub/b265ff5d5172a25b2f6eadbfac154e4991006054,2
https://app.sublink.works/s/5JMxiyf,1
https://asdf.fifafa.vip/s/cf9a7d3016412cf8a636601bc6936425,7
https://b.545437.xyz/jiji?token=5a64a6835926656cf3c7c526e8fa4dbe#M_buy,4
https://b.wazhua.org/web?token=088195af07a03c31bfd1bfb27d87bd71,6
https://b.wazhua.org/web?token=30f4b6518436c732b343384249fc4540,6
https://b.wazhua.org/web?token=59370d5e202a4a2c63ff49509d275ee5,6
https://b.wazhua.org/web?token=67320e6d9012470488277302208473a0,6
https://b.wazhua.org/web?token=69735f54495d338f8e563f2c873cafac,6
https://b.wazhua.org/web?token=87d521d7e86acd845ed953ca4f696768,6
https://b.wazhua.org/web?token=bfec486060af381c53c76b0c705ec3ac,6
https://b.wazhua.org/web?token=cf7b5bb6c210d133aa60ccfc01c25958,6
https://b.wazhua.org/web?token=d3f8f3dd66c5160d0f3b1b79ec7a5122,6
https://b.wazhua.org/web?token=fd046abcea5c4c5608f00c068b252490,6
https://back-starlink.publicrss.ggff.net/s/211f0e0be128bb9323bd5d75af3946c3,10
https://bold-hall-23be.dnw-vip-amir-1.workers.dev/sync?sub=V2SHOP2,2
https://btxst.eu.cc/sub?token=1fb3e82d731ba1493627e9ad7a53e49b,33
https://cf.iranhope.org/sub/javidnamaniran_telegram_0715/db9e05c451677536c6ffb8a65c4f4d6f,1
https://cf.udpid.org:2096/sub/tmtp6oe8mv0wdbtw,1
https://dash.djjc.cfd/api/v1/client/subscribe?token=c1c0bd4752d4ea34e82064a8469ce72f,3
https://dash.djjc.cfd/api/v1/client/subscribe?token=c1c0bd4752d4ea34e82064a8469ce72f&amp;flag=clash,3
https://downloads.onelighter.site/api/v1/client/subscribe?token=44f8275bf81b6b4b5623a8a0955c8bc7,1
https://downloads.onelighter.site/api/v1/client/subscribe?token=a98566da3743cc8a3ab8e9d16190c39a,1
https://empty-mouse-fbb7.alizareh4024.workers.dev/sync?sub=%D8%B3%D9%88%D8%B3%D9%85%D8%A7%D8%B1%F0%9F%A6%8E,2
https://fcp-prod-mci1-remnawave.freesocks.org/api/sub/Wy-KjAJvkN9QY66x,2
https://freesocks.org/api/v1/sub/90055b34da0a01886d4582cea38d8a6b,2
https://freesocks.org/api/v1/sub/ddfb00252b1235a80cb0d813699e8da5,2
https://geturl-wchbenralk.cn-beijing.fcapp.run/s/05345521057f98d2edbba1b572434582,32
https://glassdy.mavita.kdns.fr/sub/user/eyJ1IjoiY2hlbmxhbzc5MiIsImUiOjE3ODYwNzQxNzY5NTAsInMiOiJiZjFhMjU1YmM2OGYxMDA0In0?custom=1&amp;protocol=default,1
https://jkun.waimaosass.icu/api/v1/client/subscribe?token=13fecd89fdf8c6aa9c836356eb7a44bd,32
https://jkun.waimaosass.icu/api/v1/client/subscribe?token=5be520cffe46110ad6d6172f6b9464b9,116
https://jkun.waimaosass.icu/api/v1/client/subscribe?token=830ed342ac725ab4326dac30c22d3be6,35
https://jkun.waimaosass.icu/api/v1/client/subscribe?token=c33af95d54dae5e4885bf69f35058b19,35
https://jkun.waimaosass.icu/api/v1/client/subscribe?token=ca39a670a4d4107ed28dfb8a5b274c15,35
https://knjc.cfd/api/v1/client/subscribe?token=136a9b549bc24d8f2a68fb9bd3b893e4,3
https://knjc.cfd/api/v1/client/subscribe?token=688494003cb427b37c011e37f2fa2e8f,3
https://ldgb.pages.dev/sub?token=5238141bc3daa773b225209767b9fb2c,35
https://likejennie.pages.dev/sub?token=c35eeb1e54c4cdb42b08edac977f2f75,182
https://link123.52pokemon66.cc/api/v1/client/subscribe?token=6689cf55233f31c63c44b1dc226d43a8,34
https://mlshu.top/s/013d13ca43f6be1f279ab2a6133aad7b,6
https://mzyglc.xyz/api/v1/client/subscribe?token=8168d96fdc6b11666c2876070bb7a12b,2
https://niaodi.top/niao?token=6923b4e70f7915642db6cc97ef03b4e2#@m_buy%20100g%2030day,6
https://niaodi.top/niao?token=6923b4e70f7915642db6cc97ef03b4e2#@m_buy%202,6
https://niaodi.top/niao?token=8cf28a28d8ed739b8e9bc5489a73a75b,6
https://panel.trxlnsnet.ir:2096/sub/djMsMjA1LDE3ODY5MTQ2NTk.N-AQe15v6ik4_wU3mqxIpk6VqunQGxPrY-w4j6EUC2U,9
https://panel.xingvoy.com/api/sub/v-3nTgZBW9_zBeC0,5
https://panel.xingvoy.com/api/sub/yfkP4FBqpSAw5zQv,5
https://pwac.gzi8998-ddns0721.eu/api/v1/gzcloud/subscribe?token=8f44f73b56f83222ca14bc60ed1740c5,34
https://qijiavpn.salnc.kuaivpn.app/api/v1/client/subscribe?token=101d6ba3b8ed9f25803d742040967b53,11
https://qijiavpn.salnc.kuaivpn.app/api/v1/client/subscribe?token=19bd828585c700b9012d23ee14616cad,11
https://qijiavpn.salnc.kuaivpn.app/api/v1/client/subscribe?token=94eaeb7276f3d368eee63be85cf2171c,11
https://qijiavpn.salnc.kuaivpn.app/api/v1/client/subscribe?token=983bc7baa0a9134f0a1ae66dd5e99574,11
https://qijiavpn.salnc.kuaivpn.app/api/v1/client/subscribe?token=c3fbf05d1abf805c49842dfc5eccd624,11
https://riotvpn.eu/sub/6xKJFsDuq4mRznG1,29
https://riotvpn.eu/sub/JLP6QopP_nVXVAFq,29
https://riotvpn.eu/sub/wyy7CQW4ESa2UTan,29
https://s4.laoda666.com/s/ef8f84f12e4072ec69159051a4450dee,22
https://ss.lrdxw.club/sub/94ce96d3-840d-4320-9b9b-07bdba018212,10
https://ss88.beifengyuns.top/s/2c851d3f99d5a7550a777fdecd6d6957#,11
https://ss88.beifengyuns.top/s/2d66f17407eb465ec78ac70f492213cf,11
https://ss88.beifengyuns.top/s/2d66f17407eb465ec78ac70f492213cf#,11
https://ss88.beifengyuns.top/s/6098652fdbcc9d4b605ffc0ccf768a19,11
https://ss88.beifengyuns.top/s/6104fdbce23d0c39f342fafce4a480d8,11
https://ss88.beifengyuns.top/s/99b3e36240db28634137c4d68e1209ef,11
https://ss88.beifengyuns.top/s/ddc32faaf6aa5b5125c752750e03ea2d,4
https://ss88.beifengyuns.top/s/f38627ff6a06de2e914a678528b5cc0f,11
https://ss88.beifengyuns.top/s/f38627ff6a06de2e914a678528b5cc0f#,11
https://ss88.beifengyuns.top/s/fef5d1ae64b01d23bfb719e7a2620e9b,11
https://sub.iampedi5.live/sub/base64.txt,195
https://sub.pardazeshvip.org/sub/djMsNDI1NDEyLDE3ODU4NzkzOTI.oJgGqVBBAGbl5_9GD9D6BDDXn3Fk1sz284Mwwokc41w,4
https://sub.pardazeshvip.org/sub/djMsNDM3MjUzLDE3ODU4NzkzODI.cJqFaYsdSt_U98f7I4iPjgJsId11_HqRozqTEpir4ZY,4
https://sub.pardazeshvip.org/sub/djMsNDQ5MTk0LDE3ODU4NzkzNjY.lpkCG-BRNPpHh9-zaN0KVbw3iB8S1cV6AokcaxkFwro,4
https://sub.pardazeshvip.org/sub/djMsNDYxNjU4LDE3ODU3NDQxNjc.N48IiAboUrdr-U0KjwILImhyfDHjJAEnpH0TGoeJmes,4
https://sub.pardazeshvip.org/sub/djMsNDYxNzYzLDE3ODU3NDQxNjA.J5OJES731CPVFqixw6JIv2XN2Vu1WHotykpC22SaV7w,4
https://sub.pardazeshvip.org/sub/djMsNDYyNjEwLDE3ODU3NDQxNDQ.CrYXuMn6nGPBRg_buWZVFn-Zgp9l28PQwAuhCOS5k4A,4
https://sub.whitedns.one/sub/base64.txt,195
https://sub.yfsbbb.net/s/6a9a138caff8f2b14169d4283f104212,1
https://sub.zyfx6.xyz/share/file/%E6%B0%B8%E4%B9%85%E8%AE%A2%E9%98%85%40txwl666?token=clash,1
https://subnew.syq.tw/sub/046fb73af9995b79fe4bfc3ab79582ae,1
https://subnew.syq.tw/sub/046fb73af9995b79fe4bfc3ab79582ae#,1
https://subscribe-3-emo.xxmad.com/s/1c5a5dc04af48e6068da2a85bd1acb87,18
https://substore.220322.best/share/file/3?token=Sd9SSXyPjj9B9HnYo3-yv,1
https://substore.220322.best/share/file/TaiShan?token=eL-1HyuLUaKjCxuVQVXbZ,1
https://substore.220322.best/share/file/Tiziji?token=x0CLHFRDWjf5ATu1aRA_g,1
https://substore.220322.best/share/file/niudouli?token=s1aeyVF1qaN5Qu1BC2t-r,1
https://times1786120435.subnodejs-catnet.com/v2b/catnet/api/v1/client/subscribe?token=eebab4984a3af8bf63f6a4f9cc6568b7,49
https://txt.nb6.qzz.io/sub/jd-free/jd-free.txt,72
https://v2clash.blog/Link/20260828-v2ray.txt,252
https://www.youzilite.help/kipfel?token=2b63b62fc7fd2838c7addf52fe52dc48,11
https://www.youzilite.help/kipfel?token=2b63b62fc7fd2838c7addf52fe52dc48#,11
https://xship.2fa.cat/v1/subscribe?starlink=gNasKMlsXqU7zutumn3bHHEY,198
https://xship.2fa.cat/v1/subscribe?starlink=kcrJFGG_1j8a0tWbVtUL2rIc,198
https://xship.2fa.cat/v1/subscribe?starlink=kcrJFGG_1j8a0tWbVtUL2rIc#https://AVToday.io,198
https://xship.2fa.cat/v1/subscribe?starlink=kcrJFGG_1j8a0tWbVtUL2rIc#,198
https://xship.top/v1/subscribe?starlink=qQF1plCfdKF6qPJbFAewdTOa,198
https://ymjc.cfd/api/v1/client/subscribe?token=0ddddf3a3d06c34189054704925df22e,3
https://ymjc.cfd/api/v1/client/subscribe?token=34ca2387e001b5e579a34f76187d63dd,3
https://ymjc.cfd/api/v1/client/subscribe?token=c993278e5efcf50ae6ba0ae556f2134a,3
https://yy-bvq.pages.dev/sub?token=3baedaa451a0db2b88635427e97924a2,16
